Predictor variable,Categorical,Sample average
impervious,false,20.213282528870884
soil,false,17.323315355062196
temp-max,false,26.314132815577715
temp-med,false,23.21198801339614
temp-min,false,20.114279012344007
trees,false,25.551957348275607
vegetation,false,59.156456187747665
Culicidae,false,0.4360372135206513
