Predictor variable,Categorical,Sample average
impervious,false,21.901458374759187
soil,false,20.38062812817172
temp-max,false,27.905648570190685
temp-med,false,24.7358724498149
temp-min,false,21.613282373216418
trees,false,22.823250751875428
vegetation,false,54.02286126918513
Culicidae,false,0.42140416897484523
