Predictor variable,Categorical,Sample average
impervious,false,22.664420691403475
soil,false,18.745295345009147
temp-max,false,27.827479771205358
temp-med,false,24.293677887359223
temp-min,false,20.825304947890245
trees,false,29.384407973908758
vegetation,false,55.22698513873212
Culicidae,false,0.5376490127150114
