Predictor variable,Categorical,Sample average
impervious,false,20.58850440979004
soil,false,17.724742317199706
trees,false,24.29252988497416
vegetation,false,59.141868336995444
Culicidae,false,0.8110117355982462
