Predictor variable,Categorical,Sample average
impervious,false,18.466372208161786
soil,false,14.191581281748684
trees,false,25.78923500667919
vegetation,false,64.62439302964644
Culicidae,false,0.7537002969871868
