Predictor variable,Categorical,Sample average
impervious,false,22.664420691403475
soil,false,18.745295345009147
trees,false,29.384407973908758
vegetation,false,55.22698513873212
Culicidae,false,0.5376490127150114
