Predictor variable,Categorical,Sample average
impervious,false,23.21305595823888
soil,false,18.8265370311362
trees,false,29.274663504973063
vegetation,false,54.45751340201731
Culicidae,false,0.5419445867869961
