Predictor variable,Categorical,Sample average
impervious,false,20.213282528870884
soil,false,17.323315355062196
trees,false,25.551957348275607
vegetation,false,59.156456187747665
Culicidae,false,0.4360372135206513
