Predictor variable,Categorical,Sample average
impervious,false,20.219015865669757
soil,false,17.273822670779147
temp-max,false,26.37715792864052
temp-med,false,23.270410717958743
temp-min,false,20.170262178207484
trees,false,25.90936141160283
vegetation,false,59.21741982230199
Culicidae,false,0.44697981499260403
