Predictor variable,Categorical,Sample average
impervious,false,23.055458599961216
soil,false,21.621485359705254
trees,false,20.26042272639131
vegetation,false,51.750630211363195
Culicidae,false,0.3404121083698057
