Predictor variable,Categorical,Sample average
impervious,false,21.240186110908436
soil,false,18.51830359467878
temp-max,false,27.298548510376836
temp-med,false,24.22501583278459
temp-min,false,21.17078311230655
trees,false,28.110102201291653
vegetation,false,56.74757805676528
Culicidae,false,0.5079659052507978
