Predictor variable,Categorical,Sample average
impervious,false,19.544370848710305
soil,false,17.036204797132672
temp-max,false,26.778244854130854
temp-med,false,23.918496851914732
temp-min,false,20.975504796451006
trees,false,35.728054606915016
vegetation,false,60.242397545815784
Culicidae,false,0.4564276806682785
