Predictor variable,Categorical,Sample average
impervious,false,21.240186110908436
soil,false,18.51830359467878
trees,false,28.110102201291653
vegetation,false,56.74757805676528
Culicidae,false,0.5079659052507978
