Predictor variable,Categorical,Sample average
impervious,false,19.544370848710305
soil,false,17.036204797132672
trees,false,35.728054606915016
vegetation,false,60.242397545815784
Culicidae,false,0.4564276806682785
