Predictor variable,Categorical,Sample average
impervious,false,22.334823553382943
soil,false,20.177906024103013
trees,false,22.860742368166395
vegetation,false,53.83474690104943
Culicidae,false,0.4519061076472861
