Predictor variable,Categorical,Sample average
impervious,false,20.210157029729494
soil,false,17.50803901175378
trees,false,34.79126396022055
vegetation,false,59.04182866190521
Culicidae,false,0.47279479599124946
