Predictor variable,Categorical,Sample average
impervious,false,21.720000116206005
soil,false,18.84732202140007
trees,false,27.09724620972549
vegetation,false,55.9099631651989
Culicidae,false,0.5106945153099397
