Predictor variable,Categorical,Sample average
impervious,false,21.14795655470628
soil,false,16.24024969797868
trees,false,20.44223212851928
vegetation,false,59.827945489149826
Culicidae,false,0.6321730384459863
