Predictor variable,Categorical,Sample average
impervious,false,14.080337305863699
soil,false,11.321549197038015
trees,false,36.23136925697327
vegetation,false,72.09296003977458
Culicidae,false,0.6429602404435476
