Predictor variable,Categorical,Sample average
impervious,false,22.28497291314908
soil,false,20.874603988041365
trees,false,21.77833004542108
vegetation,false,53.1742921927155
Culicidae,false,0.4225473870120962
