Predictor variable,Categorical,Sample average
impervious,false,20.495581284976723
soil,false,17.599153675801766
trees,false,24.885599253937485
vegetation,false,58.61988229987097
Culicidae,false,0.43821545892467956
