Predictor variable,Categorical,Sample average
impervious,false,24.82958846532805
soil,false,19.612783270919405
trees,false,22.930963455078203
vegetation,false,52.026242557228244
Culicidae,false,0.568222708483361
