Predictor variable,Categorical,Sample average
impervious,false,21.340201117409123
soil,false,18.410870261229952
trees,false,26.278299252035385
vegetation,false,56.750717683467414
Culicidae,false,0.5039425532731491
