Predictor variable,Categorical,Sample average
impervious,false,21.61286111033669
soil,false,18.717246448690975
trees,false,28.768375540147968
vegetation,false,56.20064614214084
Culicidae,false,0.4738547653883263
