Predictor variable,Categorical,Sample average
impervious,false,24.82958846532805
soil,false,19.612783270919405
temp-max,false,28.35746361454366
temp-med,false,24.58472375071198
temp-min,false,21.5702064007492
trees,false,22.930963455078203
vegetation,false,52.026242557228244
Culicidae,false,0.568222708483361
