Predictor variable,Categorical,Sample average
impervious,false,19.57641073800985
soil,false,16.210388924311665
temp-max,false,27.2988939748227
temp-med,false,23.9467935839903
temp-min,false,20.695514475257653
trees,false,34.21121320620324
vegetation,false,61.11854004165501
Culicidae,false,0.5854205399100865
