Predictor variable,Categorical,Sample average
impervious,false,23.055458599961216
soil,false,21.621485359705254
temp-max,false,28.07793614030786
temp-med,false,24.89422144657747
temp-min,false,21.742502100642902
trees,false,20.26042272639131
vegetation,false,51.750630211363195
Culicidae,false,0.3404121083698057
