Predictor variable,Categorical,Sample average
impervious,false,20.765212229148116
soil,false,17.928465420005935
temp-max,false,26.472024340132783
temp-med,false,23.35331948117001
temp-min,false,20.23404571089344
trees,false,23.983971504897596
vegetation,false,58.07123775601069
Culicidae,false,0.3223387085307836
