Predictor variable,Categorical,Sample average
impervious,false,21.340201117409123
soil,false,18.410870261229952
temp-max,false,27.20273936722163
temp-med,false,24.0609251955585
temp-min,false,20.950301285392133
trees,false,26.278299252035385
vegetation,false,56.750717683467414
Culicidae,false,0.5039425532731491
