Predictor variable,Categorical,Sample average
impervious,false,21.61286111033669
soil,false,18.717246448690975
temp-max,false,27.597034593879673
temp-med,false,24.46245321022412
temp-min,false,21.42262824645498
trees,false,28.768375540147968
vegetation,false,56.20064614214084
Culicidae,false,0.4738547653883263
