Predictor variable,Categorical,Sample average
impervious,false,20.890336590662322
soil,false,17.951863916033297
trees,false,24.39377488237423
vegetation,false,57.9956568946797
Culicidae,false,0.35518418478068614
