Predictor variable,Categorical,Sample average
impervious,false,22.685095242091588
soil,false,18.944308495034978
temp-max,false,27.892878162617585
temp-med,false,24.423102748637298
temp-min,false,20.9795997386076
trees,false,29.017577128750936
vegetation,false,54.94744370908153
Culicidae,false,0.5237059790869149
