Predictor variable,Categorical,Sample average
impervious,false,23.332804926510516
soil,false,19.654369026765057
trees,false,29.729414853085387
vegetation,false,53.55744870503744
Culicidae,false,0.5284062104149797
