Predictor variable,Categorical,Sample average
impervious,false,22.685095242091588
soil,false,18.944308495034978
trees,false,29.017577128750936
vegetation,false,54.94744370908153
Culicidae,false,0.5237059790869149
