Predictor variable,Categorical,Sample average
impervious,false,25.565092920896326
soil,false,20.520707834867054
temp-max,false,28.62850340700366
temp-med,false,24.81811867755769
temp-min,false,21.80549048944609
trees,false,19.810897913288027
vegetation,false,50.385319185329095
Culicidae,false,0.5670090187763663
