Predictor variable,Categorical,Sample average
impervious,false,19.342694112095966
soil,false,16.35030820953798
temp-max,false,27.310600303741822
temp-med,false,24.00005856096505
temp-min,false,20.81852552115199
trees,false,34.613748356303475
vegetation,false,61.37835576926848
Culicidae,false,0.5661646292795498
