Predictor variable,Categorical,Sample average
impervious,false,21.247524752475247
soil,false,18.633663366336634
temp-max,false,27.42684268636672
temp-med,false,24.232948290632898
temp-min,false,21.018701868088726
trees,false,30.821782178217823
vegetation,false,57.41914191419142
Culicidae,false,0.6457612085280626
