Predictor variable,Categorical,Sample average
impervious,false,26.640372670807455
soil,false,23.901242236024846
temp-max,false,28.961594202503655
temp-med,false,25.244668736665144
temp-min,false,22.220859214830103
trees,false,15.33664596273292
vegetation,false,46.02795031055901
Culicidae,false,0.6622007460943683
