Predictor variable,Categorical,Sample average
impervious,false,22.926448631286622
soil,false,18.396981366475423
temp-max,false,26.791144943237306
temp-med,false,25.15464833577474
temp-min,false,23.547917938232423
trees,false,22.194929015636443
vegetation,false,56.45156707763672
Culicidae,false,0.6525719364484152
