Predictor variable,Categorical,Sample average
impervious,false,20.41679205364846
soil,false,17.498301125572375
temp-max,false,26.434469347887507
temp-med,false,23.326202382406535
temp-min,false,20.220659584278305
trees,false,25.735384676527367
vegetation,false,58.848359064829616
Culicidae,false,0.4489403546374372
