Predictor variable,Categorical,Sample average
impervious,false,22.96668955993612
soil,false,20.7847662783705
temp-max,false,28.107675880652593
temp-med,false,24.812376145244375
temp-min,false,21.709174739537524
trees,false,21.287644720204728
vegetation,false,52.61779698699971
Culicidae,false,0.45312708368310006
