Predictor variable,Categorical,Sample average
impervious,false,14.080337305863699
soil,false,11.321549197038015
temp-max,false,25.734402418136597
temp-med,false,23.766109307607014
temp-min,false,21.827696164449055
trees,false,36.23136925697327
vegetation,false,72.09296003977458
Culicidae,false,0.6429602404435476
