Predictor variable,Categorical,Sample average
impervious,false,18.466372208161786
soil,false,14.191581281748684
temp-max,false,26.46038293838501
temp-med,false,24.360595312985506
temp-min,false,22.295835321599785
trees,false,25.78923500667919
vegetation,false,64.62439302964644
Culicidae,false,0.7537002969871868
