Predictor variable,Categorical,Sample average
impervious,false,20.58850440979004
soil,false,17.724742317199706
temp-max,false,26.482966486612955
temp-med,false,24.81455192565918
temp-min,false,23.177329381306965
trees,false,24.29252988497416
vegetation,false,59.141868336995444
Culicidae,false,0.8110117355982462
