Predictor variable,Categorical,Sample average
impervious,false,21.298776382507256
soil,false,18.431363294549183
temp-max,false,27.141770478688418
temp-med,false,24.009525490678065
temp-min,false,20.911758653649457
trees,false,26.08608291268893
vegetation,false,56.75479030696224
Culicidae,false,0.49944388609906853
