Predictor variable,Categorical,Sample average
impervious,false,21.202451751003526
soil,false,18.60553990782124
temp-max,false,27.483946361803028
temp-med,false,24.45050462905675
temp-min,false,21.444389585730146
trees,false,29.17818067663362
vegetation,false,56.7313223287504
Culicidae,false,0.4552943627658772
