Predictor variable,Categorical,Sample average
impervious,false,14.067251932053338
soil,false,11.30436897277832
temp-max,false,25.602495920090448
temp-med,false,23.703254427228654
temp-min,false,21.81652268909273
trees,false,33.60934829711914
vegetation,false,72.10311689830962
Culicidae,false,0.5743738526389712
