Predictor variable,Categorical,Sample average
impervious,false,21.202451751003526
soil,false,18.60553990782124
trees,false,29.17818067663362
vegetation,false,56.7313223287504
Culicidae,false,0.4552943627658772
