Predictor variable,Categorical,Sample average
impervious,false,21.298776382507256
soil,false,18.431363294549183
trees,false,26.08608291268893
vegetation,false,56.75479030696224
Culicidae,false,0.49944388609906853
