Predictor variable,Categorical,Sample average
impervious,false,19.342694112095966
soil,false,16.35030820953798
trees,false,34.613748356303475
vegetation,false,61.37835576926848
Culicidae,false,0.5661646292795498
