Predictor variable,Categorical,Sample average
impervious,false,20.41679205364846
soil,false,17.498301125572375
trees,false,25.735384676527367
vegetation,false,58.848359064829616
Culicidae,false,0.4489403546374372
