Predictor variable,Categorical,Sample average
impervious,false,22.96668955993612
soil,false,20.7847662783705
trees,false,21.287644720204728
vegetation,false,52.61779698699971
Culicidae,false,0.45312708368310006
