Predictor variable,Categorical,Sample average
impervious,false,20.890336590662322
soil,false,17.951863916033297
temp-max,false,26.55609844441091
temp-med,false,23.44939075791659
temp-min,false,20.318886475937546
trees,false,24.39377488237423
vegetation,false,57.9956568946797
Culicidae,false,0.35518418478068614
