Predictor variable,Categorical,Sample average
impervious,false,23.903395784543324
soil,false,22.226775956284154
temp-max,false,28.30568566460055
temp-med,false,24.9979182927521
temp-min,false,21.87891946389841
trees,false,18.943793911007027
vegetation,false,50.33957845433255
Culicidae,false,0.421370438325326
