Predictor variable,Categorical,Sample average
impervious,false,22.28497291314908
soil,false,20.874603988041365
temp-max,false,27.989497429774655
temp-med,false,24.811723016261187
temp-min,false,21.670110976259853
trees,false,21.77833004542108
vegetation,false,53.1742921927155
Culicidae,false,0.4225473870120962
